Campaign,Ad group,Match type,Keyword,Final URL
Search | Cash Home Buyer | Fresno,Fresno | Core Intent,Exact,[sell inherited house Fresno],https://www.alderheritagehomes.com/sell-my-house-fresno-ca
Search | Cash Home Buyer | Fresno,Fresno | Core Intent,Phrase,"""sell inherited house Fresno""",https://www.alderheritagehomes.com/sell-my-house-fresno-ca
Search | Cash Home Buyer | Fresno,Fresno | Core Intent,Exact,[sell house in probate Fresno],https://www.alderheritagehomes.com/sell-my-house-fresno-ca
Search | Cash Home Buyer | Fresno,Fresno | Core Intent,Phrase,"""sell house in probate Fresno""",https://www.alderheritagehomes.com/sell-my-house-fresno-ca
Search | Cash Home Buyer | Fresno,Fresno | Core Intent,Exact,[sell house foreclosure Fresno],https://www.alderheritagehomes.com/sell-my-house-fresno-ca
Search | Cash Home Buyer | Fresno,Fresno | Core Intent,Phrase,"""sell house foreclosure Fresno""",https://www.alderheritagehomes.com/sell-my-house-fresno-ca
Search | Cash Home Buyer | Fresno,Fresno | Core Intent,Exact,[sell house as is Fresno],https://www.alderheritagehomes.com/sell-my-house-fresno-ca
Search | Cash Home Buyer | Fresno,Fresno | Core Intent,Phrase,"""sell house as is Fresno""",https://www.alderheritagehomes.com/sell-my-house-fresno-ca
Search | Cash Home Buyer | Fresno,Fresno | Core Intent,Exact,[sell hoarder house Fresno],https://www.alderheritagehomes.com/sell-my-house-fresno-ca
Search | Cash Home Buyer | Fresno,Fresno | Core Intent,Phrase,"""sell hoarder house Fresno""",https://www.alderheritagehomes.com/sell-my-house-fresno-ca
Search | Cash Home Buyer | Fresno,Fresno | Core Intent,Exact,[sell house with tenants Fresno],https://www.alderheritagehomes.com/sell-my-house-fresno-ca
Search | Cash Home Buyer | Fresno,Fresno | Core Intent,Phrase,"""sell house with tenants Fresno""",https://www.alderheritagehomes.com/sell-my-house-fresno-ca
Search | Cash Home Buyer | Fresno,Fresno | Core Intent,Exact,[sell house divorce Fresno],https://www.alderheritagehomes.com/sell-my-house-fresno-ca
Search | Cash Home Buyer | Fresno,Fresno | Core Intent,Phrase,"""sell house divorce Fresno""",https://www.alderheritagehomes.com/sell-my-house-fresno-ca
Search | Cash Home Buyer | Fresno,Fresno | Core Intent,Exact,[sell vacant house Fresno],https://www.alderheritagehomes.com/sell-my-house-fresno-ca
Search | Cash Home Buyer | Fresno,Fresno | Core Intent,Phrase,"""sell vacant house Fresno""",https://www.alderheritagehomes.com/sell-my-house-fresno-ca
Search | Cash Home Buyer | Fresno,Fresno | Core Intent,Exact,[cash offer for house Fresno],https://www.alderheritagehomes.com/sell-my-house-fresno-ca
Search | Cash Home Buyer | Fresno,Fresno | Core Intent,Phrase,"""cash offer for house Fresno""",https://www.alderheritagehomes.com/sell-my-house-fresno-ca
Search | Cash Home Buyer | Fresno,Fresno | Core Intent,Exact,[we buy houses Fresno],https://www.alderheritagehomes.com/sell-my-house-fresno-ca
Search | Cash Home Buyer | Fresno,Fresno | Core Intent,Phrase,"""we buy houses Fresno""",https://www.alderheritagehomes.com/sell-my-house-fresno-ca
Search | Cash Home Buyer | Fresno,Fresno | Core Intent,Exact,[sell my house fast Fresno],https://www.alderheritagehomes.com/sell-my-house-fresno-ca
Search | Cash Home Buyer | Fresno,Fresno | Core Intent,Phrase,"""sell my house fast Fresno""",https://www.alderheritagehomes.com/sell-my-house-fresno-ca
Search | Cash Home Buyer | Fresno,Fresno | Core Intent,Exact,[sell house for cash Fresno],https://www.alderheritagehomes.com/sell-my-house-fresno-ca
Search | Cash Home Buyer | Fresno,Fresno | Core Intent,Phrase,"""sell house for cash Fresno""",https://www.alderheritagehomes.com/sell-my-house-fresno-ca
Search | Cash Home Buyer | Fresno,Fresno | Core Intent,Exact,[cash home buyers Fresno],https://www.alderheritagehomes.com/sell-my-house-fresno-ca
Search | Cash Home Buyer | Fresno,Fresno | Core Intent,Phrase,"""cash home buyers Fresno""",https://www.alderheritagehomes.com/sell-my-house-fresno-ca
Search | Cash Home Buyer | Fresno,Fresno | Competitor/Trust,Phrase,"""not a wholesaler Fresno""",https://www.alderheritagehomes.com/sell-my-house-fresno-ca
Search | Cash Home Buyer | Fresno,Fresno | Competitor/Trust,Phrase,"""direct cash buyer Fresno""",https://www.alderheritagehomes.com/sell-my-house-fresno-ca
Search | Cash Home Buyer | Fresno,Fresno | Competitor/Trust,Phrase,"""licensed cash buyer Fresno""",https://www.alderheritagehomes.com/sell-my-house-fresno-ca
Search | Cash Home Buyer | Clovis,Clovis | Core Intent,Exact,[sell inherited house Clovis],https://www.alderheritagehomes.com/sell-my-house-clovis-ca
Search | Cash Home Buyer | Clovis,Clovis | Core Intent,Phrase,"""sell inherited house Clovis""",https://www.alderheritagehomes.com/sell-my-house-clovis-ca
Search | Cash Home Buyer | Clovis,Clovis | Core Intent,Exact,[sell house in probate Clovis],https://www.alderheritagehomes.com/sell-my-house-clovis-ca
Search | Cash Home Buyer | Clovis,Clovis | Core Intent,Phrase,"""sell house in probate Clovis""",https://www.alderheritagehomes.com/sell-my-house-clovis-ca
Search | Cash Home Buyer | Clovis,Clovis | Core Intent,Exact,[sell house foreclosure Clovis],https://www.alderheritagehomes.com/sell-my-house-clovis-ca
Search | Cash Home Buyer | Clovis,Clovis | Core Intent,Phrase,"""sell house foreclosure Clovis""",https://www.alderheritagehomes.com/sell-my-house-clovis-ca
Search | Cash Home Buyer | Clovis,Clovis | Core Intent,Exact,[sell house as is Clovis],https://www.alderheritagehomes.com/sell-my-house-clovis-ca
Search | Cash Home Buyer | Clovis,Clovis | Core Intent,Phrase,"""sell house as is Clovis""",https://www.alderheritagehomes.com/sell-my-house-clovis-ca
Search | Cash Home Buyer | Clovis,Clovis | Core Intent,Exact,[sell hoarder house Clovis],https://www.alderheritagehomes.com/sell-my-house-clovis-ca
Search | Cash Home Buyer | Clovis,Clovis | Core Intent,Phrase,"""sell hoarder house Clovis""",https://www.alderheritagehomes.com/sell-my-house-clovis-ca
Search | Cash Home Buyer | Clovis,Clovis | Core Intent,Exact,[sell house with tenants Clovis],https://www.alderheritagehomes.com/sell-my-house-clovis-ca
Search | Cash Home Buyer | Clovis,Clovis | Core Intent,Phrase,"""sell house with tenants Clovis""",https://www.alderheritagehomes.com/sell-my-house-clovis-ca
Search | Cash Home Buyer | Clovis,Clovis | Core Intent,Exact,[sell house divorce Clovis],https://www.alderheritagehomes.com/sell-my-house-clovis-ca
Search | Cash Home Buyer | Clovis,Clovis | Core Intent,Phrase,"""sell house divorce Clovis""",https://www.alderheritagehomes.com/sell-my-house-clovis-ca
Search | Cash Home Buyer | Clovis,Clovis | Core Intent,Exact,[sell vacant house Clovis],https://www.alderheritagehomes.com/sell-my-house-clovis-ca
Search | Cash Home Buyer | Clovis,Clovis | Core Intent,Phrase,"""sell vacant house Clovis""",https://www.alderheritagehomes.com/sell-my-house-clovis-ca
Search | Cash Home Buyer | Clovis,Clovis | Core Intent,Exact,[cash offer for house Clovis],https://www.alderheritagehomes.com/sell-my-house-clovis-ca
Search | Cash Home Buyer | Clovis,Clovis | Core Intent,Phrase,"""cash offer for house Clovis""",https://www.alderheritagehomes.com/sell-my-house-clovis-ca
Search | Cash Home Buyer | Clovis,Clovis | Core Intent,Exact,[we buy houses Clovis],https://www.alderheritagehomes.com/sell-my-house-clovis-ca
Search | Cash Home Buyer | Clovis,Clovis | Core Intent,Phrase,"""we buy houses Clovis""",https://www.alderheritagehomes.com/sell-my-house-clovis-ca
Search | Cash Home Buyer | Clovis,Clovis | Core Intent,Exact,[sell my house fast Clovis],https://www.alderheritagehomes.com/sell-my-house-clovis-ca
Search | Cash Home Buyer | Clovis,Clovis | Core Intent,Phrase,"""sell my house fast Clovis""",https://www.alderheritagehomes.com/sell-my-house-clovis-ca
Search | Cash Home Buyer | Clovis,Clovis | Core Intent,Exact,[sell house for cash Clovis],https://www.alderheritagehomes.com/sell-my-house-clovis-ca
Search | Cash Home Buyer | Clovis,Clovis | Core Intent,Phrase,"""sell house for cash Clovis""",https://www.alderheritagehomes.com/sell-my-house-clovis-ca
Search | Cash Home Buyer | Clovis,Clovis | Core Intent,Exact,[cash home buyers Clovis],https://www.alderheritagehomes.com/sell-my-house-clovis-ca
Search | Cash Home Buyer | Clovis,Clovis | Core Intent,Phrase,"""cash home buyers Clovis""",https://www.alderheritagehomes.com/sell-my-house-clovis-ca
Search | Cash Home Buyer | Clovis,Clovis | Competitor/Trust,Phrase,"""not a wholesaler Clovis""",https://www.alderheritagehomes.com/sell-my-house-clovis-ca
Search | Cash Home Buyer | Clovis,Clovis | Competitor/Trust,Phrase,"""direct cash buyer Clovis""",https://www.alderheritagehomes.com/sell-my-house-clovis-ca
Search | Cash Home Buyer | Clovis,Clovis | Competitor/Trust,Phrase,"""licensed cash buyer Clovis""",https://www.alderheritagehomes.com/sell-my-house-clovis-ca
Search | Cash Home Buyer | Sanger,Sanger | Core Intent,Exact,[sell inherited house Sanger],https://www.alderheritagehomes.com/sell-my-house-sanger-ca
Search | Cash Home Buyer | Sanger,Sanger | Core Intent,Phrase,"""sell inherited house Sanger""",https://www.alderheritagehomes.com/sell-my-house-sanger-ca
Search | Cash Home Buyer | Sanger,Sanger | Core Intent,Exact,[sell house in probate Sanger],https://www.alderheritagehomes.com/sell-my-house-sanger-ca
Search | Cash Home Buyer | Sanger,Sanger | Core Intent,Phrase,"""sell house in probate Sanger""",https://www.alderheritagehomes.com/sell-my-house-sanger-ca
Search | Cash Home Buyer | Sanger,Sanger | Core Intent,Exact,[sell house foreclosure Sanger],https://www.alderheritagehomes.com/sell-my-house-sanger-ca
Search | Cash Home Buyer | Sanger,Sanger | Core Intent,Phrase,"""sell house foreclosure Sanger""",https://www.alderheritagehomes.com/sell-my-house-sanger-ca
Search | Cash Home Buyer | Sanger,Sanger | Core Intent,Exact,[sell house as is Sanger],https://www.alderheritagehomes.com/sell-my-house-sanger-ca
Search | Cash Home Buyer | Sanger,Sanger | Core Intent,Phrase,"""sell house as is Sanger""",https://www.alderheritagehomes.com/sell-my-house-sanger-ca
Search | Cash Home Buyer | Sanger,Sanger | Core Intent,Exact,[sell hoarder house Sanger],https://www.alderheritagehomes.com/sell-my-house-sanger-ca
Search | Cash Home Buyer | Sanger,Sanger | Core Intent,Phrase,"""sell hoarder house Sanger""",https://www.alderheritagehomes.com/sell-my-house-sanger-ca
Search | Cash Home Buyer | Sanger,Sanger | Core Intent,Exact,[sell house with tenants Sanger],https://www.alderheritagehomes.com/sell-my-house-sanger-ca
Search | Cash Home Buyer | Sanger,Sanger | Core Intent,Phrase,"""sell house with tenants Sanger""",https://www.alderheritagehomes.com/sell-my-house-sanger-ca
Search | Cash Home Buyer | Sanger,Sanger | Core Intent,Exact,[sell house divorce Sanger],https://www.alderheritagehomes.com/sell-my-house-sanger-ca
Search | Cash Home Buyer | Sanger,Sanger | Core Intent,Phrase,"""sell house divorce Sanger""",https://www.alderheritagehomes.com/sell-my-house-sanger-ca
Search | Cash Home Buyer | Sanger,Sanger | Core Intent,Exact,[sell vacant house Sanger],https://www.alderheritagehomes.com/sell-my-house-sanger-ca
Search | Cash Home Buyer | Sanger,Sanger | Core Intent,Phrase,"""sell vacant house Sanger""",https://www.alderheritagehomes.com/sell-my-house-sanger-ca
Search | Cash Home Buyer | Sanger,Sanger | Core Intent,Exact,[cash offer for house Sanger],https://www.alderheritagehomes.com/sell-my-house-sanger-ca
Search | Cash Home Buyer | Sanger,Sanger | Core Intent,Phrase,"""cash offer for house Sanger""",https://www.alderheritagehomes.com/sell-my-house-sanger-ca
Search | Cash Home Buyer | Sanger,Sanger | Core Intent,Exact,[we buy houses Sanger],https://www.alderheritagehomes.com/sell-my-house-sanger-ca
Search | Cash Home Buyer | Sanger,Sanger | Core Intent,Phrase,"""we buy houses Sanger""",https://www.alderheritagehomes.com/sell-my-house-sanger-ca
Search | Cash Home Buyer | Sanger,Sanger | Core Intent,Exact,[sell my house fast Sanger],https://www.alderheritagehomes.com/sell-my-house-sanger-ca
Search | Cash Home Buyer | Sanger,Sanger | Core Intent,Phrase,"""sell my house fast Sanger""",https://www.alderheritagehomes.com/sell-my-house-sanger-ca
Search | Cash Home Buyer | Sanger,Sanger | Core Intent,Exact,[sell house for cash Sanger],https://www.alderheritagehomes.com/sell-my-house-sanger-ca
Search | Cash Home Buyer | Sanger,Sanger | Core Intent,Phrase,"""sell house for cash Sanger""",https://www.alderheritagehomes.com/sell-my-house-sanger-ca
Search | Cash Home Buyer | Sanger,Sanger | Core Intent,Exact,[cash home buyers Sanger],https://www.alderheritagehomes.com/sell-my-house-sanger-ca
Search | Cash Home Buyer | Sanger,Sanger | Core Intent,Phrase,"""cash home buyers Sanger""",https://www.alderheritagehomes.com/sell-my-house-sanger-ca
Search | Cash Home Buyer | Sanger,Sanger | Competitor/Trust,Phrase,"""not a wholesaler Sanger""",https://www.alderheritagehomes.com/sell-my-house-sanger-ca
Search | Cash Home Buyer | Sanger,Sanger | Competitor/Trust,Phrase,"""direct cash buyer Sanger""",https://www.alderheritagehomes.com/sell-my-house-sanger-ca
Search | Cash Home Buyer | Sanger,Sanger | Competitor/Trust,Phrase,"""licensed cash buyer Sanger""",https://www.alderheritagehomes.com/sell-my-house-sanger-ca
Search | Cash Home Buyer | Selma,Selma | Core Intent,Exact,[sell inherited house Selma],https://www.alderheritagehomes.com/sell-my-house-selma-ca
Search | Cash Home Buyer | Selma,Selma | Core Intent,Phrase,"""sell inherited house Selma""",https://www.alderheritagehomes.com/sell-my-house-selma-ca
Search | Cash Home Buyer | Selma,Selma | Core Intent,Exact,[sell house in probate Selma],https://www.alderheritagehomes.com/sell-my-house-selma-ca
Search | Cash Home Buyer | Selma,Selma | Core Intent,Phrase,"""sell house in probate Selma""",https://www.alderheritagehomes.com/sell-my-house-selma-ca
Search | Cash Home Buyer | Selma,Selma | Core Intent,Exact,[sell house foreclosure Selma],https://www.alderheritagehomes.com/sell-my-house-selma-ca
Search | Cash Home Buyer | Selma,Selma | Core Intent,Phrase,"""sell house foreclosure Selma""",https://www.alderheritagehomes.com/sell-my-house-selma-ca
Search | Cash Home Buyer | Selma,Selma | Core Intent,Exact,[sell house as is Selma],https://www.alderheritagehomes.com/sell-my-house-selma-ca
Search | Cash Home Buyer | Selma,Selma | Core Intent,Phrase,"""sell house as is Selma""",https://www.alderheritagehomes.com/sell-my-house-selma-ca
Search | Cash Home Buyer | Selma,Selma | Core Intent,Exact,[sell hoarder house Selma],https://www.alderheritagehomes.com/sell-my-house-selma-ca
Search | Cash Home Buyer | Selma,Selma | Core Intent,Phrase,"""sell hoarder house Selma""",https://www.alderheritagehomes.com/sell-my-house-selma-ca
Search | Cash Home Buyer | Selma,Selma | Core Intent,Exact,[sell house with tenants Selma],https://www.alderheritagehomes.com/sell-my-house-selma-ca
Search | Cash Home Buyer | Selma,Selma | Core Intent,Phrase,"""sell house with tenants Selma""",https://www.alderheritagehomes.com/sell-my-house-selma-ca
Search | Cash Home Buyer | Selma,Selma | Core Intent,Exact,[sell house divorce Selma],https://www.alderheritagehomes.com/sell-my-house-selma-ca
Search | Cash Home Buyer | Selma,Selma | Core Intent,Phrase,"""sell house divorce Selma""",https://www.alderheritagehomes.com/sell-my-house-selma-ca
Search | Cash Home Buyer | Selma,Selma | Core Intent,Exact,[sell vacant house Selma],https://www.alderheritagehomes.com/sell-my-house-selma-ca
Search | Cash Home Buyer | Selma,Selma | Core Intent,Phrase,"""sell vacant house Selma""",https://www.alderheritagehomes.com/sell-my-house-selma-ca
Search | Cash Home Buyer | Selma,Selma | Core Intent,Exact,[cash offer for house Selma],https://www.alderheritagehomes.com/sell-my-house-selma-ca
Search | Cash Home Buyer | Selma,Selma | Core Intent,Phrase,"""cash offer for house Selma""",https://www.alderheritagehomes.com/sell-my-house-selma-ca
Search | Cash Home Buyer | Selma,Selma | Core Intent,Exact,[we buy houses Selma],https://www.alderheritagehomes.com/sell-my-house-selma-ca
Search | Cash Home Buyer | Selma,Selma | Core Intent,Phrase,"""we buy houses Selma""",https://www.alderheritagehomes.com/sell-my-house-selma-ca
Search | Cash Home Buyer | Selma,Selma | Core Intent,Exact,[sell my house fast Selma],https://www.alderheritagehomes.com/sell-my-house-selma-ca
Search | Cash Home Buyer | Selma,Selma | Core Intent,Phrase,"""sell my house fast Selma""",https://www.alderheritagehomes.com/sell-my-house-selma-ca
Search | Cash Home Buyer | Selma,Selma | Core Intent,Exact,[sell house for cash Selma],https://www.alderheritagehomes.com/sell-my-house-selma-ca
Search | Cash Home Buyer | Selma,Selma | Core Intent,Phrase,"""sell house for cash Selma""",https://www.alderheritagehomes.com/sell-my-house-selma-ca
Search | Cash Home Buyer | Selma,Selma | Core Intent,Exact,[cash home buyers Selma],https://www.alderheritagehomes.com/sell-my-house-selma-ca
Search | Cash Home Buyer | Selma,Selma | Core Intent,Phrase,"""cash home buyers Selma""",https://www.alderheritagehomes.com/sell-my-house-selma-ca
Search | Cash Home Buyer | Selma,Selma | Competitor/Trust,Phrase,"""not a wholesaler Selma""",https://www.alderheritagehomes.com/sell-my-house-selma-ca
Search | Cash Home Buyer | Selma,Selma | Competitor/Trust,Phrase,"""direct cash buyer Selma""",https://www.alderheritagehomes.com/sell-my-house-selma-ca
Search | Cash Home Buyer | Selma,Selma | Competitor/Trust,Phrase,"""licensed cash buyer Selma""",https://www.alderheritagehomes.com/sell-my-house-selma-ca
Search | Cash Home Buyer | Reedley,Reedley | Core Intent,Exact,[sell inherited house Reedley],https://www.alderheritagehomes.com/sell-my-house-reedley-ca
Search | Cash Home Buyer | Reedley,Reedley | Core Intent,Phrase,"""sell inherited house Reedley""",https://www.alderheritagehomes.com/sell-my-house-reedley-ca
Search | Cash Home Buyer | Reedley,Reedley | Core Intent,Exact,[sell house in probate Reedley],https://www.alderheritagehomes.com/sell-my-house-reedley-ca
Search | Cash Home Buyer | Reedley,Reedley | Core Intent,Phrase,"""sell house in probate Reedley""",https://www.alderheritagehomes.com/sell-my-house-reedley-ca
Search | Cash Home Buyer | Reedley,Reedley | Core Intent,Exact,[sell house foreclosure Reedley],https://www.alderheritagehomes.com/sell-my-house-reedley-ca
Search | Cash Home Buyer | Reedley,Reedley | Core Intent,Phrase,"""sell house foreclosure Reedley""",https://www.alderheritagehomes.com/sell-my-house-reedley-ca
Search | Cash Home Buyer | Reedley,Reedley | Core Intent,Exact,[sell house as is Reedley],https://www.alderheritagehomes.com/sell-my-house-reedley-ca
Search | Cash Home Buyer | Reedley,Reedley | Core Intent,Phrase,"""sell house as is Reedley""",https://www.alderheritagehomes.com/sell-my-house-reedley-ca
Search | Cash Home Buyer | Reedley,Reedley | Core Intent,Exact,[sell hoarder house Reedley],https://www.alderheritagehomes.com/sell-my-house-reedley-ca
Search | Cash Home Buyer | Reedley,Reedley | Core Intent,Phrase,"""sell hoarder house Reedley""",https://www.alderheritagehomes.com/sell-my-house-reedley-ca
Search | Cash Home Buyer | Reedley,Reedley | Core Intent,Exact,[sell house with tenants Reedley],https://www.alderheritagehomes.com/sell-my-house-reedley-ca
Search | Cash Home Buyer | Reedley,Reedley | Core Intent,Phrase,"""sell house with tenants Reedley""",https://www.alderheritagehomes.com/sell-my-house-reedley-ca
Search | Cash Home Buyer | Reedley,Reedley | Core Intent,Exact,[sell house divorce Reedley],https://www.alderheritagehomes.com/sell-my-house-reedley-ca
Search | Cash Home Buyer | Reedley,Reedley | Core Intent,Phrase,"""sell house divorce Reedley""",https://www.alderheritagehomes.com/sell-my-house-reedley-ca
Search | Cash Home Buyer | Reedley,Reedley | Core Intent,Exact,[sell vacant house Reedley],https://www.alderheritagehomes.com/sell-my-house-reedley-ca
Search | Cash Home Buyer | Reedley,Reedley | Core Intent,Phrase,"""sell vacant house Reedley""",https://www.alderheritagehomes.com/sell-my-house-reedley-ca
Search | Cash Home Buyer | Reedley,Reedley | Core Intent,Exact,[cash offer for house Reedley],https://www.alderheritagehomes.com/sell-my-house-reedley-ca
Search | Cash Home Buyer | Reedley,Reedley | Core Intent,Phrase,"""cash offer for house Reedley""",https://www.alderheritagehomes.com/sell-my-house-reedley-ca
Search | Cash Home Buyer | Reedley,Reedley | Core Intent,Exact,[we buy houses Reedley],https://www.alderheritagehomes.com/sell-my-house-reedley-ca
Search | Cash Home Buyer | Reedley,Reedley | Core Intent,Phrase,"""we buy houses Reedley""",https://www.alderheritagehomes.com/sell-my-house-reedley-ca
Search | Cash Home Buyer | Reedley,Reedley | Core Intent,Exact,[sell my house fast Reedley],https://www.alderheritagehomes.com/sell-my-house-reedley-ca
Search | Cash Home Buyer | Reedley,Reedley | Core Intent,Phrase,"""sell my house fast Reedley""",https://www.alderheritagehomes.com/sell-my-house-reedley-ca
Search | Cash Home Buyer | Reedley,Reedley | Core Intent,Exact,[sell house for cash Reedley],https://www.alderheritagehomes.com/sell-my-house-reedley-ca
Search | Cash Home Buyer | Reedley,Reedley | Core Intent,Phrase,"""sell house for cash Reedley""",https://www.alderheritagehomes.com/sell-my-house-reedley-ca
Search | Cash Home Buyer | Reedley,Reedley | Core Intent,Exact,[cash home buyers Reedley],https://www.alderheritagehomes.com/sell-my-house-reedley-ca
Search | Cash Home Buyer | Reedley,Reedley | Core Intent,Phrase,"""cash home buyers Reedley""",https://www.alderheritagehomes.com/sell-my-house-reedley-ca
Search | Cash Home Buyer | Reedley,Reedley | Competitor/Trust,Phrase,"""not a wholesaler Reedley""",https://www.alderheritagehomes.com/sell-my-house-reedley-ca
Search | Cash Home Buyer | Reedley,Reedley | Competitor/Trust,Phrase,"""direct cash buyer Reedley""",https://www.alderheritagehomes.com/sell-my-house-reedley-ca
Search | Cash Home Buyer | Reedley,Reedley | Competitor/Trust,Phrase,"""licensed cash buyer Reedley""",https://www.alderheritagehomes.com/sell-my-house-reedley-ca
Search | Cash Home Buyer | Kingsburg,Kingsburg | Core Intent,Exact,[sell inherited house Kingsburg],https://www.alderheritagehomes.com/sell-my-house-kingsburg-ca
Search | Cash Home Buyer | Kingsburg,Kingsburg | Core Intent,Phrase,"""sell inherited house Kingsburg""",https://www.alderheritagehomes.com/sell-my-house-kingsburg-ca
Search | Cash Home Buyer | Kingsburg,Kingsburg | Core Intent,Exact,[sell house in probate Kingsburg],https://www.alderheritagehomes.com/sell-my-house-kingsburg-ca
Search | Cash Home Buyer | Kingsburg,Kingsburg | Core Intent,Phrase,"""sell house in probate Kingsburg""",https://www.alderheritagehomes.com/sell-my-house-kingsburg-ca
Search | Cash Home Buyer | Kingsburg,Kingsburg | Core Intent,Exact,[sell house foreclosure Kingsburg],https://www.alderheritagehomes.com/sell-my-house-kingsburg-ca
Search | Cash Home Buyer | Kingsburg,Kingsburg | Core Intent,Phrase,"""sell house foreclosure Kingsburg""",https://www.alderheritagehomes.com/sell-my-house-kingsburg-ca
Search | Cash Home Buyer | Kingsburg,Kingsburg | Core Intent,Exact,[sell house as is Kingsburg],https://www.alderheritagehomes.com/sell-my-house-kingsburg-ca
Search | Cash Home Buyer | Kingsburg,Kingsburg | Core Intent,Phrase,"""sell house as is Kingsburg""",https://www.alderheritagehomes.com/sell-my-house-kingsburg-ca
Search | Cash Home Buyer | Kingsburg,Kingsburg | Core Intent,Exact,[sell hoarder house Kingsburg],https://www.alderheritagehomes.com/sell-my-house-kingsburg-ca
Search | Cash Home Buyer | Kingsburg,Kingsburg | Core Intent,Phrase,"""sell hoarder house Kingsburg""",https://www.alderheritagehomes.com/sell-my-house-kingsburg-ca
Search | Cash Home Buyer | Kingsburg,Kingsburg | Core Intent,Exact,[sell house with tenants Kingsburg],https://www.alderheritagehomes.com/sell-my-house-kingsburg-ca
Search | Cash Home Buyer | Kingsburg,Kingsburg | Core Intent,Phrase,"""sell house with tenants Kingsburg""",https://www.alderheritagehomes.com/sell-my-house-kingsburg-ca
Search | Cash Home Buyer | Kingsburg,Kingsburg | Core Intent,Exact,[sell house divorce Kingsburg],https://www.alderheritagehomes.com/sell-my-house-kingsburg-ca
Search | Cash Home Buyer | Kingsburg,Kingsburg | Core Intent,Phrase,"""sell house divorce Kingsburg""",https://www.alderheritagehomes.com/sell-my-house-kingsburg-ca
Search | Cash Home Buyer | Kingsburg,Kingsburg | Core Intent,Exact,[sell vacant house Kingsburg],https://www.alderheritagehomes.com/sell-my-house-kingsburg-ca
Search | Cash Home Buyer | Kingsburg,Kingsburg | Core Intent,Phrase,"""sell vacant house Kingsburg""",https://www.alderheritagehomes.com/sell-my-house-kingsburg-ca
Search | Cash Home Buyer | Kingsburg,Kingsburg | Core Intent,Exact,[cash offer for house Kingsburg],https://www.alderheritagehomes.com/sell-my-house-kingsburg-ca
Search | Cash Home Buyer | Kingsburg,Kingsburg | Core Intent,Phrase,"""cash offer for house Kingsburg""",https://www.alderheritagehomes.com/sell-my-house-kingsburg-ca
Search | Cash Home Buyer | Kingsburg,Kingsburg | Core Intent,Exact,[we buy houses Kingsburg],https://www.alderheritagehomes.com/sell-my-house-kingsburg-ca
Search | Cash Home Buyer | Kingsburg,Kingsburg | Core Intent,Phrase,"""we buy houses Kingsburg""",https://www.alderheritagehomes.com/sell-my-house-kingsburg-ca
Search | Cash Home Buyer | Kingsburg,Kingsburg | Core Intent,Exact,[sell my house fast Kingsburg],https://www.alderheritagehomes.com/sell-my-house-kingsburg-ca
Search | Cash Home Buyer | Kingsburg,Kingsburg | Core Intent,Phrase,"""sell my house fast Kingsburg""",https://www.alderheritagehomes.com/sell-my-house-kingsburg-ca
Search | Cash Home Buyer | Kingsburg,Kingsburg | Core Intent,Exact,[sell house for cash Kingsburg],https://www.alderheritagehomes.com/sell-my-house-kingsburg-ca
Search | Cash Home Buyer | Kingsburg,Kingsburg | Core Intent,Phrase,"""sell house for cash Kingsburg""",https://www.alderheritagehomes.com/sell-my-house-kingsburg-ca
Search | Cash Home Buyer | Kingsburg,Kingsburg | Core Intent,Exact,[cash home buyers Kingsburg],https://www.alderheritagehomes.com/sell-my-house-kingsburg-ca
Search | Cash Home Buyer | Kingsburg,Kingsburg | Core Intent,Phrase,"""cash home buyers Kingsburg""",https://www.alderheritagehomes.com/sell-my-house-kingsburg-ca
Search | Cash Home Buyer | Kingsburg,Kingsburg | Competitor/Trust,Phrase,"""not a wholesaler Kingsburg""",https://www.alderheritagehomes.com/sell-my-house-kingsburg-ca
Search | Cash Home Buyer | Kingsburg,Kingsburg | Competitor/Trust,Phrase,"""direct cash buyer Kingsburg""",https://www.alderheritagehomes.com/sell-my-house-kingsburg-ca
Search | Cash Home Buyer | Kingsburg,Kingsburg | Competitor/Trust,Phrase,"""licensed cash buyer Kingsburg""",https://www.alderheritagehomes.com/sell-my-house-kingsburg-ca
Search | Cash Home Buyer | Visalia,Visalia | Core Intent,Exact,[sell inherited house Visalia],https://www.alderheritagehomes.com/sell-my-house-visalia-ca
Search | Cash Home Buyer | Visalia,Visalia | Core Intent,Phrase,"""sell inherited house Visalia""",https://www.alderheritagehomes.com/sell-my-house-visalia-ca
Search | Cash Home Buyer | Visalia,Visalia | Core Intent,Exact,[sell house in probate Visalia],https://www.alderheritagehomes.com/sell-my-house-visalia-ca
Search | Cash Home Buyer | Visalia,Visalia | Core Intent,Phrase,"""sell house in probate Visalia""",https://www.alderheritagehomes.com/sell-my-house-visalia-ca
Search | Cash Home Buyer | Visalia,Visalia | Core Intent,Exact,[sell house foreclosure Visalia],https://www.alderheritagehomes.com/sell-my-house-visalia-ca
Search | Cash Home Buyer | Visalia,Visalia | Core Intent,Phrase,"""sell house foreclosure Visalia""",https://www.alderheritagehomes.com/sell-my-house-visalia-ca
Search | Cash Home Buyer | Visalia,Visalia | Core Intent,Exact,[sell house as is Visalia],https://www.alderheritagehomes.com/sell-my-house-visalia-ca
Search | Cash Home Buyer | Visalia,Visalia | Core Intent,Phrase,"""sell house as is Visalia""",https://www.alderheritagehomes.com/sell-my-house-visalia-ca
Search | Cash Home Buyer | Visalia,Visalia | Core Intent,Exact,[sell hoarder house Visalia],https://www.alderheritagehomes.com/sell-my-house-visalia-ca
Search | Cash Home Buyer | Visalia,Visalia | Core Intent,Phrase,"""sell hoarder house Visalia""",https://www.alderheritagehomes.com/sell-my-house-visalia-ca
Search | Cash Home Buyer | Visalia,Visalia | Core Intent,Exact,[sell house with tenants Visalia],https://www.alderheritagehomes.com/sell-my-house-visalia-ca
Search | Cash Home Buyer | Visalia,Visalia | Core Intent,Phrase,"""sell house with tenants Visalia""",https://www.alderheritagehomes.com/sell-my-house-visalia-ca
Search | Cash Home Buyer | Visalia,Visalia | Core Intent,Exact,[sell house divorce Visalia],https://www.alderheritagehomes.com/sell-my-house-visalia-ca
Search | Cash Home Buyer | Visalia,Visalia | Core Intent,Phrase,"""sell house divorce Visalia""",https://www.alderheritagehomes.com/sell-my-house-visalia-ca
Search | Cash Home Buyer | Visalia,Visalia | Core Intent,Exact,[sell vacant house Visalia],https://www.alderheritagehomes.com/sell-my-house-visalia-ca
Search | Cash Home Buyer | Visalia,Visalia | Core Intent,Phrase,"""sell vacant house Visalia""",https://www.alderheritagehomes.com/sell-my-house-visalia-ca
Search | Cash Home Buyer | Visalia,Visalia | Core Intent,Exact,[cash offer for house Visalia],https://www.alderheritagehomes.com/sell-my-house-visalia-ca
Search | Cash Home Buyer | Visalia,Visalia | Core Intent,Phrase,"""cash offer for house Visalia""",https://www.alderheritagehomes.com/sell-my-house-visalia-ca
Search | Cash Home Buyer | Visalia,Visalia | Core Intent,Exact,[we buy houses Visalia],https://www.alderheritagehomes.com/sell-my-house-visalia-ca
Search | Cash Home Buyer | Visalia,Visalia | Core Intent,Phrase,"""we buy houses Visalia""",https://www.alderheritagehomes.com/sell-my-house-visalia-ca
Search | Cash Home Buyer | Visalia,Visalia | Core Intent,Exact,[sell my house fast Visalia],https://www.alderheritagehomes.com/sell-my-house-visalia-ca
Search | Cash Home Buyer | Visalia,Visalia | Core Intent,Phrase,"""sell my house fast Visalia""",https://www.alderheritagehomes.com/sell-my-house-visalia-ca
Search | Cash Home Buyer | Visalia,Visalia | Core Intent,Exact,[sell house for cash Visalia],https://www.alderheritagehomes.com/sell-my-house-visalia-ca
Search | Cash Home Buyer | Visalia,Visalia | Core Intent,Phrase,"""sell house for cash Visalia""",https://www.alderheritagehomes.com/sell-my-house-visalia-ca
Search | Cash Home Buyer | Visalia,Visalia | Core Intent,Exact,[cash home buyers Visalia],https://www.alderheritagehomes.com/sell-my-house-visalia-ca
Search | Cash Home Buyer | Visalia,Visalia | Core Intent,Phrase,"""cash home buyers Visalia""",https://www.alderheritagehomes.com/sell-my-house-visalia-ca
Search | Cash Home Buyer | Visalia,Visalia | Competitor/Trust,Phrase,"""not a wholesaler Visalia""",https://www.alderheritagehomes.com/sell-my-house-visalia-ca
Search | Cash Home Buyer | Visalia,Visalia | Competitor/Trust,Phrase,"""direct cash buyer Visalia""",https://www.alderheritagehomes.com/sell-my-house-visalia-ca
Search | Cash Home Buyer | Visalia,Visalia | Competitor/Trust,Phrase,"""licensed cash buyer Visalia""",https://www.alderheritagehomes.com/sell-my-house-visalia-ca
Search | Cash Home Buyer | Tulare,Tulare | Core Intent,Exact,[sell inherited house Tulare],https://www.alderheritagehomes.com/sell-my-house-tulare-ca
Search | Cash Home Buyer | Tulare,Tulare | Core Intent,Phrase,"""sell inherited house Tulare""",https://www.alderheritagehomes.com/sell-my-house-tulare-ca
Search | Cash Home Buyer | Tulare,Tulare | Core Intent,Exact,[sell house in probate Tulare],https://www.alderheritagehomes.com/sell-my-house-tulare-ca
Search | Cash Home Buyer | Tulare,Tulare | Core Intent,Phrase,"""sell house in probate Tulare""",https://www.alderheritagehomes.com/sell-my-house-tulare-ca
Search | Cash Home Buyer | Tulare,Tulare | Core Intent,Exact,[sell house foreclosure Tulare],https://www.alderheritagehomes.com/sell-my-house-tulare-ca
Search | Cash Home Buyer | Tulare,Tulare | Core Intent,Phrase,"""sell house foreclosure Tulare""",https://www.alderheritagehomes.com/sell-my-house-tulare-ca
Search | Cash Home Buyer | Tulare,Tulare | Core Intent,Exact,[sell house as is Tulare],https://www.alderheritagehomes.com/sell-my-house-tulare-ca
Search | Cash Home Buyer | Tulare,Tulare | Core Intent,Phrase,"""sell house as is Tulare""",https://www.alderheritagehomes.com/sell-my-house-tulare-ca
Search | Cash Home Buyer | Tulare,Tulare | Core Intent,Exact,[sell hoarder house Tulare],https://www.alderheritagehomes.com/sell-my-house-tulare-ca
Search | Cash Home Buyer | Tulare,Tulare | Core Intent,Phrase,"""sell hoarder house Tulare""",https://www.alderheritagehomes.com/sell-my-house-tulare-ca
Search | Cash Home Buyer | Tulare,Tulare | Core Intent,Exact,[sell house with tenants Tulare],https://www.alderheritagehomes.com/sell-my-house-tulare-ca
Search | Cash Home Buyer | Tulare,Tulare | Core Intent,Phrase,"""sell house with tenants Tulare""",https://www.alderheritagehomes.com/sell-my-house-tulare-ca
Search | Cash Home Buyer | Tulare,Tulare | Core Intent,Exact,[sell house divorce Tulare],https://www.alderheritagehomes.com/sell-my-house-tulare-ca
Search | Cash Home Buyer | Tulare,Tulare | Core Intent,Phrase,"""sell house divorce Tulare""",https://www.alderheritagehomes.com/sell-my-house-tulare-ca
Search | Cash Home Buyer | Tulare,Tulare | Core Intent,Exact,[sell vacant house Tulare],https://www.alderheritagehomes.com/sell-my-house-tulare-ca
Search | Cash Home Buyer | Tulare,Tulare | Core Intent,Phrase,"""sell vacant house Tulare""",https://www.alderheritagehomes.com/sell-my-house-tulare-ca
Search | Cash Home Buyer | Tulare,Tulare | Core Intent,Exact,[cash offer for house Tulare],https://www.alderheritagehomes.com/sell-my-house-tulare-ca
Search | Cash Home Buyer | Tulare,Tulare | Core Intent,Phrase,"""cash offer for house Tulare""",https://www.alderheritagehomes.com/sell-my-house-tulare-ca
Search | Cash Home Buyer | Tulare,Tulare | Core Intent,Exact,[we buy houses Tulare],https://www.alderheritagehomes.com/sell-my-house-tulare-ca
Search | Cash Home Buyer | Tulare,Tulare | Core Intent,Phrase,"""we buy houses Tulare""",https://www.alderheritagehomes.com/sell-my-house-tulare-ca
Search | Cash Home Buyer | Tulare,Tulare | Core Intent,Exact,[sell my house fast Tulare],https://www.alderheritagehomes.com/sell-my-house-tulare-ca
Search | Cash Home Buyer | Tulare,Tulare | Core Intent,Phrase,"""sell my house fast Tulare""",https://www.alderheritagehomes.com/sell-my-house-tulare-ca
Search | Cash Home Buyer | Tulare,Tulare | Core Intent,Exact,[sell house for cash Tulare],https://www.alderheritagehomes.com/sell-my-house-tulare-ca
Search | Cash Home Buyer | Tulare,Tulare | Core Intent,Phrase,"""sell house for cash Tulare""",https://www.alderheritagehomes.com/sell-my-house-tulare-ca
Search | Cash Home Buyer | Tulare,Tulare | Core Intent,Exact,[cash home buyers Tulare],https://www.alderheritagehomes.com/sell-my-house-tulare-ca
Search | Cash Home Buyer | Tulare,Tulare | Core Intent,Phrase,"""cash home buyers Tulare""",https://www.alderheritagehomes.com/sell-my-house-tulare-ca
Search | Cash Home Buyer | Tulare,Tulare | Competitor/Trust,Phrase,"""not a wholesaler Tulare""",https://www.alderheritagehomes.com/sell-my-house-tulare-ca
Search | Cash Home Buyer | Tulare,Tulare | Competitor/Trust,Phrase,"""direct cash buyer Tulare""",https://www.alderheritagehomes.com/sell-my-house-tulare-ca
Search | Cash Home Buyer | Tulare,Tulare | Competitor/Trust,Phrase,"""licensed cash buyer Tulare""",https://www.alderheritagehomes.com/sell-my-house-tulare-ca
Search | Cash Home Buyer | Porterville,Porterville | Core Intent,Exact,[sell inherited house Porterville],https://www.alderheritagehomes.com/sell-my-house-porterville-ca
Search | Cash Home Buyer | Porterville,Porterville | Core Intent,Phrase,"""sell inherited house Porterville""",https://www.alderheritagehomes.com/sell-my-house-porterville-ca
Search | Cash Home Buyer | Porterville,Porterville | Core Intent,Exact,[sell house in probate Porterville],https://www.alderheritagehomes.com/sell-my-house-porterville-ca
Search | Cash Home Buyer | Porterville,Porterville | Core Intent,Phrase,"""sell house in probate Porterville""",https://www.alderheritagehomes.com/sell-my-house-porterville-ca
Search | Cash Home Buyer | Porterville,Porterville | Core Intent,Exact,[sell house foreclosure Porterville],https://www.alderheritagehomes.com/sell-my-house-porterville-ca
Search | Cash Home Buyer | Porterville,Porterville | Core Intent,Phrase,"""sell house foreclosure Porterville""",https://www.alderheritagehomes.com/sell-my-house-porterville-ca
Search | Cash Home Buyer | Porterville,Porterville | Core Intent,Exact,[sell house as is Porterville],https://www.alderheritagehomes.com/sell-my-house-porterville-ca
Search | Cash Home Buyer | Porterville,Porterville | Core Intent,Phrase,"""sell house as is Porterville""",https://www.alderheritagehomes.com/sell-my-house-porterville-ca
Search | Cash Home Buyer | Porterville,Porterville | Core Intent,Exact,[sell hoarder house Porterville],https://www.alderheritagehomes.com/sell-my-house-porterville-ca
Search | Cash Home Buyer | Porterville,Porterville | Core Intent,Phrase,"""sell hoarder house Porterville""",https://www.alderheritagehomes.com/sell-my-house-porterville-ca
Search | Cash Home Buyer | Porterville,Porterville | Core Intent,Exact,[sell house with tenants Porterville],https://www.alderheritagehomes.com/sell-my-house-porterville-ca
Search | Cash Home Buyer | Porterville,Porterville | Core Intent,Phrase,"""sell house with tenants Porterville""",https://www.alderheritagehomes.com/sell-my-house-porterville-ca
Search | Cash Home Buyer | Porterville,Porterville | Core Intent,Exact,[sell house divorce Porterville],https://www.alderheritagehomes.com/sell-my-house-porterville-ca
Search | Cash Home Buyer | Porterville,Porterville | Core Intent,Phrase,"""sell house divorce Porterville""",https://www.alderheritagehomes.com/sell-my-house-porterville-ca
Search | Cash Home Buyer | Porterville,Porterville | Core Intent,Exact,[sell vacant house Porterville],https://www.alderheritagehomes.com/sell-my-house-porterville-ca
Search | Cash Home Buyer | Porterville,Porterville | Core Intent,Phrase,"""sell vacant house Porterville""",https://www.alderheritagehomes.com/sell-my-house-porterville-ca
Search | Cash Home Buyer | Porterville,Porterville | Core Intent,Exact,[cash offer for house Porterville],https://www.alderheritagehomes.com/sell-my-house-porterville-ca
Search | Cash Home Buyer | Porterville,Porterville | Core Intent,Phrase,"""cash offer for house Porterville""",https://www.alderheritagehomes.com/sell-my-house-porterville-ca
Search | Cash Home Buyer | Porterville,Porterville | Core Intent,Exact,[we buy houses Porterville],https://www.alderheritagehomes.com/sell-my-house-porterville-ca
Search | Cash Home Buyer | Porterville,Porterville | Core Intent,Phrase,"""we buy houses Porterville""",https://www.alderheritagehomes.com/sell-my-house-porterville-ca
Search | Cash Home Buyer | Porterville,Porterville | Core Intent,Exact,[sell my house fast Porterville],https://www.alderheritagehomes.com/sell-my-house-porterville-ca
Search | Cash Home Buyer | Porterville,Porterville | Core Intent,Phrase,"""sell my house fast Porterville""",https://www.alderheritagehomes.com/sell-my-house-porterville-ca
Search | Cash Home Buyer | Porterville,Porterville | Core Intent,Exact,[sell house for cash Porterville],https://www.alderheritagehomes.com/sell-my-house-porterville-ca
Search | Cash Home Buyer | Porterville,Porterville | Core Intent,Phrase,"""sell house for cash Porterville""",https://www.alderheritagehomes.com/sell-my-house-porterville-ca
Search | Cash Home Buyer | Porterville,Porterville | Core Intent,Exact,[cash home buyers Porterville],https://www.alderheritagehomes.com/sell-my-house-porterville-ca
Search | Cash Home Buyer | Porterville,Porterville | Core Intent,Phrase,"""cash home buyers Porterville""",https://www.alderheritagehomes.com/sell-my-house-porterville-ca
Search | Cash Home Buyer | Porterville,Porterville | Competitor/Trust,Phrase,"""not a wholesaler Porterville""",https://www.alderheritagehomes.com/sell-my-house-porterville-ca
Search | Cash Home Buyer | Porterville,Porterville | Competitor/Trust,Phrase,"""direct cash buyer Porterville""",https://www.alderheritagehomes.com/sell-my-house-porterville-ca
Search | Cash Home Buyer | Porterville,Porterville | Competitor/Trust,Phrase,"""licensed cash buyer Porterville""",https://www.alderheritagehomes.com/sell-my-house-porterville-ca
Search | Cash Home Buyer | Hanford,Hanford | Core Intent,Exact,[sell inherited house Hanford],https://www.alderheritagehomes.com/sell-my-house-hanford-ca
Search | Cash Home Buyer | Hanford,Hanford | Core Intent,Phrase,"""sell inherited house Hanford""",https://www.alderheritagehomes.com/sell-my-house-hanford-ca
Search | Cash Home Buyer | Hanford,Hanford | Core Intent,Exact,[sell house in probate Hanford],https://www.alderheritagehomes.com/sell-my-house-hanford-ca
Search | Cash Home Buyer | Hanford,Hanford | Core Intent,Phrase,"""sell house in probate Hanford""",https://www.alderheritagehomes.com/sell-my-house-hanford-ca
Search | Cash Home Buyer | Hanford,Hanford | Core Intent,Exact,[sell house foreclosure Hanford],https://www.alderheritagehomes.com/sell-my-house-hanford-ca
Search | Cash Home Buyer | Hanford,Hanford | Core Intent,Phrase,"""sell house foreclosure Hanford""",https://www.alderheritagehomes.com/sell-my-house-hanford-ca
Search | Cash Home Buyer | Hanford,Hanford | Core Intent,Exact,[sell house as is Hanford],https://www.alderheritagehomes.com/sell-my-house-hanford-ca
Search | Cash Home Buyer | Hanford,Hanford | Core Intent,Phrase,"""sell house as is Hanford""",https://www.alderheritagehomes.com/sell-my-house-hanford-ca
Search | Cash Home Buyer | Hanford,Hanford | Core Intent,Exact,[sell hoarder house Hanford],https://www.alderheritagehomes.com/sell-my-house-hanford-ca
Search | Cash Home Buyer | Hanford,Hanford | Core Intent,Phrase,"""sell hoarder house Hanford""",https://www.alderheritagehomes.com/sell-my-house-hanford-ca
Search | Cash Home Buyer | Hanford,Hanford | Core Intent,Exact,[sell house with tenants Hanford],https://www.alderheritagehomes.com/sell-my-house-hanford-ca
Search | Cash Home Buyer | Hanford,Hanford | Core Intent,Phrase,"""sell house with tenants Hanford""",https://www.alderheritagehomes.com/sell-my-house-hanford-ca
Search | Cash Home Buyer | Hanford,Hanford | Core Intent,Exact,[sell house divorce Hanford],https://www.alderheritagehomes.com/sell-my-house-hanford-ca
Search | Cash Home Buyer | Hanford,Hanford | Core Intent,Phrase,"""sell house divorce Hanford""",https://www.alderheritagehomes.com/sell-my-house-hanford-ca
Search | Cash Home Buyer | Hanford,Hanford | Core Intent,Exact,[sell vacant house Hanford],https://www.alderheritagehomes.com/sell-my-house-hanford-ca
Search | Cash Home Buyer | Hanford,Hanford | Core Intent,Phrase,"""sell vacant house Hanford""",https://www.alderheritagehomes.com/sell-my-house-hanford-ca
Search | Cash Home Buyer | Hanford,Hanford | Core Intent,Exact,[cash offer for house Hanford],https://www.alderheritagehomes.com/sell-my-house-hanford-ca
Search | Cash Home Buyer | Hanford,Hanford | Core Intent,Phrase,"""cash offer for house Hanford""",https://www.alderheritagehomes.com/sell-my-house-hanford-ca
Search | Cash Home Buyer | Hanford,Hanford | Core Intent,Exact,[we buy houses Hanford],https://www.alderheritagehomes.com/sell-my-house-hanford-ca
Search | Cash Home Buyer | Hanford,Hanford | Core Intent,Phrase,"""we buy houses Hanford""",https://www.alderheritagehomes.com/sell-my-house-hanford-ca
Search | Cash Home Buyer | Hanford,Hanford | Core Intent,Exact,[sell my house fast Hanford],https://www.alderheritagehomes.com/sell-my-house-hanford-ca
Search | Cash Home Buyer | Hanford,Hanford | Core Intent,Phrase,"""sell my house fast Hanford""",https://www.alderheritagehomes.com/sell-my-house-hanford-ca
Search | Cash Home Buyer | Hanford,Hanford | Core Intent,Exact,[sell house for cash Hanford],https://www.alderheritagehomes.com/sell-my-house-hanford-ca
Search | Cash Home Buyer | Hanford,Hanford | Core Intent,Phrase,"""sell house for cash Hanford""",https://www.alderheritagehomes.com/sell-my-house-hanford-ca
Search | Cash Home Buyer | Hanford,Hanford | Core Intent,Exact,[cash home buyers Hanford],https://www.alderheritagehomes.com/sell-my-house-hanford-ca
Search | Cash Home Buyer | Hanford,Hanford | Core Intent,Phrase,"""cash home buyers Hanford""",https://www.alderheritagehomes.com/sell-my-house-hanford-ca
Search | Cash Home Buyer | Hanford,Hanford | Competitor/Trust,Phrase,"""not a wholesaler Hanford""",https://www.alderheritagehomes.com/sell-my-house-hanford-ca
Search | Cash Home Buyer | Hanford,Hanford | Competitor/Trust,Phrase,"""direct cash buyer Hanford""",https://www.alderheritagehomes.com/sell-my-house-hanford-ca
Search | Cash Home Buyer | Hanford,Hanford | Competitor/Trust,Phrase,"""licensed cash buyer Hanford""",https://www.alderheritagehomes.com/sell-my-house-hanford-ca
Search | Cash Home Buyer | Lemoore,Lemoore | Core Intent,Exact,[sell inherited house Lemoore],https://www.alderheritagehomes.com/sell-my-house-lemoore-ca
Search | Cash Home Buyer | Lemoore,Lemoore | Core Intent,Phrase,"""sell inherited house Lemoore""",https://www.alderheritagehomes.com/sell-my-house-lemoore-ca
Search | Cash Home Buyer | Lemoore,Lemoore | Core Intent,Exact,[sell house in probate Lemoore],https://www.alderheritagehomes.com/sell-my-house-lemoore-ca
Search | Cash Home Buyer | Lemoore,Lemoore | Core Intent,Phrase,"""sell house in probate Lemoore""",https://www.alderheritagehomes.com/sell-my-house-lemoore-ca
Search | Cash Home Buyer | Lemoore,Lemoore | Core Intent,Exact,[sell house foreclosure Lemoore],https://www.alderheritagehomes.com/sell-my-house-lemoore-ca
Search | Cash Home Buyer | Lemoore,Lemoore | Core Intent,Phrase,"""sell house foreclosure Lemoore""",https://www.alderheritagehomes.com/sell-my-house-lemoore-ca
Search | Cash Home Buyer | Lemoore,Lemoore | Core Intent,Exact,[sell house as is Lemoore],https://www.alderheritagehomes.com/sell-my-house-lemoore-ca
Search | Cash Home Buyer | Lemoore,Lemoore | Core Intent,Phrase,"""sell house as is Lemoore""",https://www.alderheritagehomes.com/sell-my-house-lemoore-ca
Search | Cash Home Buyer | Lemoore,Lemoore | Core Intent,Exact,[sell hoarder house Lemoore],https://www.alderheritagehomes.com/sell-my-house-lemoore-ca
Search | Cash Home Buyer | Lemoore,Lemoore | Core Intent,Phrase,"""sell hoarder house Lemoore""",https://www.alderheritagehomes.com/sell-my-house-lemoore-ca
Search | Cash Home Buyer | Lemoore,Lemoore | Core Intent,Exact,[sell house with tenants Lemoore],https://www.alderheritagehomes.com/sell-my-house-lemoore-ca
Search | Cash Home Buyer | Lemoore,Lemoore | Core Intent,Phrase,"""sell house with tenants Lemoore""",https://www.alderheritagehomes.com/sell-my-house-lemoore-ca
Search | Cash Home Buyer | Lemoore,Lemoore | Core Intent,Exact,[sell house divorce Lemoore],https://www.alderheritagehomes.com/sell-my-house-lemoore-ca
Search | Cash Home Buyer | Lemoore,Lemoore | Core Intent,Phrase,"""sell house divorce Lemoore""",https://www.alderheritagehomes.com/sell-my-house-lemoore-ca
Search | Cash Home Buyer | Lemoore,Lemoore | Core Intent,Exact,[sell vacant house Lemoore],https://www.alderheritagehomes.com/sell-my-house-lemoore-ca
Search | Cash Home Buyer | Lemoore,Lemoore | Core Intent,Phrase,"""sell vacant house Lemoore""",https://www.alderheritagehomes.com/sell-my-house-lemoore-ca
Search | Cash Home Buyer | Lemoore,Lemoore | Core Intent,Exact,[cash offer for house Lemoore],https://www.alderheritagehomes.com/sell-my-house-lemoore-ca
Search | Cash Home Buyer | Lemoore,Lemoore | Core Intent,Phrase,"""cash offer for house Lemoore""",https://www.alderheritagehomes.com/sell-my-house-lemoore-ca
Search | Cash Home Buyer | Lemoore,Lemoore | Core Intent,Exact,[we buy houses Lemoore],https://www.alderheritagehomes.com/sell-my-house-lemoore-ca
Search | Cash Home Buyer | Lemoore,Lemoore | Core Intent,Phrase,"""we buy houses Lemoore""",https://www.alderheritagehomes.com/sell-my-house-lemoore-ca
Search | Cash Home Buyer | Lemoore,Lemoore | Core Intent,Exact,[sell my house fast Lemoore],https://www.alderheritagehomes.com/sell-my-house-lemoore-ca
Search | Cash Home Buyer | Lemoore,Lemoore | Core Intent,Phrase,"""sell my house fast Lemoore""",https://www.alderheritagehomes.com/sell-my-house-lemoore-ca
Search | Cash Home Buyer | Lemoore,Lemoore | Core Intent,Exact,[sell house for cash Lemoore],https://www.alderheritagehomes.com/sell-my-house-lemoore-ca
Search | Cash Home Buyer | Lemoore,Lemoore | Core Intent,Phrase,"""sell house for cash Lemoore""",https://www.alderheritagehomes.com/sell-my-house-lemoore-ca
Search | Cash Home Buyer | Lemoore,Lemoore | Core Intent,Exact,[cash home buyers Lemoore],https://www.alderheritagehomes.com/sell-my-house-lemoore-ca
Search | Cash Home Buyer | Lemoore,Lemoore | Core Intent,Phrase,"""cash home buyers Lemoore""",https://www.alderheritagehomes.com/sell-my-house-lemoore-ca
Search | Cash Home Buyer | Lemoore,Lemoore | Competitor/Trust,Phrase,"""not a wholesaler Lemoore""",https://www.alderheritagehomes.com/sell-my-house-lemoore-ca
Search | Cash Home Buyer | Lemoore,Lemoore | Competitor/Trust,Phrase,"""direct cash buyer Lemoore""",https://www.alderheritagehomes.com/sell-my-house-lemoore-ca
Search | Cash Home Buyer | Lemoore,Lemoore | Competitor/Trust,Phrase,"""licensed cash buyer Lemoore""",https://www.alderheritagehomes.com/sell-my-house-lemoore-ca
Search | Cash Home Buyer | Bakersfield,Bakersfield | Core Intent,Exact,[sell inherited house Bakersfield],https://www.alderheritagehomes.com/sell-my-house-bakersfield-ca
Search | Cash Home Buyer | Bakersfield,Bakersfield | Core Intent,Phrase,"""sell inherited house Bakersfield""",https://www.alderheritagehomes.com/sell-my-house-bakersfield-ca
Search | Cash Home Buyer | Bakersfield,Bakersfield | Core Intent,Exact,[sell house in probate Bakersfield],https://www.alderheritagehomes.com/sell-my-house-bakersfield-ca
Search | Cash Home Buyer | Bakersfield,Bakersfield | Core Intent,Phrase,"""sell house in probate Bakersfield""",https://www.alderheritagehomes.com/sell-my-house-bakersfield-ca
Search | Cash Home Buyer | Bakersfield,Bakersfield | Core Intent,Exact,[sell house foreclosure Bakersfield],https://www.alderheritagehomes.com/sell-my-house-bakersfield-ca
Search | Cash Home Buyer | Bakersfield,Bakersfield | Core Intent,Phrase,"""sell house foreclosure Bakersfield""",https://www.alderheritagehomes.com/sell-my-house-bakersfield-ca
Search | Cash Home Buyer | Bakersfield,Bakersfield | Core Intent,Exact,[sell house as is Bakersfield],https://www.alderheritagehomes.com/sell-my-house-bakersfield-ca
Search | Cash Home Buyer | Bakersfield,Bakersfield | Core Intent,Phrase,"""sell house as is Bakersfield""",https://www.alderheritagehomes.com/sell-my-house-bakersfield-ca
Search | Cash Home Buyer | Bakersfield,Bakersfield | Core Intent,Exact,[sell hoarder house Bakersfield],https://www.alderheritagehomes.com/sell-my-house-bakersfield-ca
Search | Cash Home Buyer | Bakersfield,Bakersfield | Core Intent,Phrase,"""sell hoarder house Bakersfield""",https://www.alderheritagehomes.com/sell-my-house-bakersfield-ca
Search | Cash Home Buyer | Bakersfield,Bakersfield | Core Intent,Exact,[sell house with tenants Bakersfield],https://www.alderheritagehomes.com/sell-my-house-bakersfield-ca
Search | Cash Home Buyer | Bakersfield,Bakersfield | Core Intent,Phrase,"""sell house with tenants Bakersfield""",https://www.alderheritagehomes.com/sell-my-house-bakersfield-ca
Search | Cash Home Buyer | Bakersfield,Bakersfield | Core Intent,Exact,[sell house divorce Bakersfield],https://www.alderheritagehomes.com/sell-my-house-bakersfield-ca
Search | Cash Home Buyer | Bakersfield,Bakersfield | Core Intent,Phrase,"""sell house divorce Bakersfield""",https://www.alderheritagehomes.com/sell-my-house-bakersfield-ca
Search | Cash Home Buyer | Bakersfield,Bakersfield | Core Intent,Exact,[sell vacant house Bakersfield],https://www.alderheritagehomes.com/sell-my-house-bakersfield-ca
Search | Cash Home Buyer | Bakersfield,Bakersfield | Core Intent,Phrase,"""sell vacant house Bakersfield""",https://www.alderheritagehomes.com/sell-my-house-bakersfield-ca
Search | Cash Home Buyer | Bakersfield,Bakersfield | Core Intent,Exact,[cash offer for house Bakersfield],https://www.alderheritagehomes.com/sell-my-house-bakersfield-ca
Search | Cash Home Buyer | Bakersfield,Bakersfield | Core Intent,Phrase,"""cash offer for house Bakersfield""",https://www.alderheritagehomes.com/sell-my-house-bakersfield-ca
Search | Cash Home Buyer | Bakersfield,Bakersfield | Core Intent,Exact,[we buy houses Bakersfield],https://www.alderheritagehomes.com/sell-my-house-bakersfield-ca
Search | Cash Home Buyer | Bakersfield,Bakersfield | Core Intent,Phrase,"""we buy houses Bakersfield""",https://www.alderheritagehomes.com/sell-my-house-bakersfield-ca
Search | Cash Home Buyer | Bakersfield,Bakersfield | Core Intent,Exact,[sell my house fast Bakersfield],https://www.alderheritagehomes.com/sell-my-house-bakersfield-ca
Search | Cash Home Buyer | Bakersfield,Bakersfield | Core Intent,Phrase,"""sell my house fast Bakersfield""",https://www.alderheritagehomes.com/sell-my-house-bakersfield-ca
Search | Cash Home Buyer | Bakersfield,Bakersfield | Core Intent,Exact,[sell house for cash Bakersfield],https://www.alderheritagehomes.com/sell-my-house-bakersfield-ca
Search | Cash Home Buyer | Bakersfield,Bakersfield | Core Intent,Phrase,"""sell house for cash Bakersfield""",https://www.alderheritagehomes.com/sell-my-house-bakersfield-ca
Search | Cash Home Buyer | Bakersfield,Bakersfield | Core Intent,Exact,[cash home buyers Bakersfield],https://www.alderheritagehomes.com/sell-my-house-bakersfield-ca
Search | Cash Home Buyer | Bakersfield,Bakersfield | Core Intent,Phrase,"""cash home buyers Bakersfield""",https://www.alderheritagehomes.com/sell-my-house-bakersfield-ca
Search | Cash Home Buyer | Bakersfield,Bakersfield | Competitor/Trust,Phrase,"""not a wholesaler Bakersfield""",https://www.alderheritagehomes.com/sell-my-house-bakersfield-ca
Search | Cash Home Buyer | Bakersfield,Bakersfield | Competitor/Trust,Phrase,"""direct cash buyer Bakersfield""",https://www.alderheritagehomes.com/sell-my-house-bakersfield-ca
Search | Cash Home Buyer | Bakersfield,Bakersfield | Competitor/Trust,Phrase,"""licensed cash buyer Bakersfield""",https://www.alderheritagehomes.com/sell-my-house-bakersfield-ca
Search | Cash Home Buyer | Madera,Madera | Core Intent,Exact,[sell inherited house Madera],https://www.alderheritagehomes.com/sell-my-house-madera-ca
Search | Cash Home Buyer | Madera,Madera | Core Intent,Phrase,"""sell inherited house Madera""",https://www.alderheritagehomes.com/sell-my-house-madera-ca
Search | Cash Home Buyer | Madera,Madera | Core Intent,Exact,[sell house in probate Madera],https://www.alderheritagehomes.com/sell-my-house-madera-ca
Search | Cash Home Buyer | Madera,Madera | Core Intent,Phrase,"""sell house in probate Madera""",https://www.alderheritagehomes.com/sell-my-house-madera-ca
Search | Cash Home Buyer | Madera,Madera | Core Intent,Exact,[sell house foreclosure Madera],https://www.alderheritagehomes.com/sell-my-house-madera-ca
Search | Cash Home Buyer | Madera,Madera | Core Intent,Phrase,"""sell house foreclosure Madera""",https://www.alderheritagehomes.com/sell-my-house-madera-ca
Search | Cash Home Buyer | Madera,Madera | Core Intent,Exact,[sell house as is Madera],https://www.alderheritagehomes.com/sell-my-house-madera-ca
Search | Cash Home Buyer | Madera,Madera | Core Intent,Phrase,"""sell house as is Madera""",https://www.alderheritagehomes.com/sell-my-house-madera-ca
Search | Cash Home Buyer | Madera,Madera | Core Intent,Exact,[sell hoarder house Madera],https://www.alderheritagehomes.com/sell-my-house-madera-ca
Search | Cash Home Buyer | Madera,Madera | Core Intent,Phrase,"""sell hoarder house Madera""",https://www.alderheritagehomes.com/sell-my-house-madera-ca
Search | Cash Home Buyer | Madera,Madera | Core Intent,Exact,[sell house with tenants Madera],https://www.alderheritagehomes.com/sell-my-house-madera-ca
Search | Cash Home Buyer | Madera,Madera | Core Intent,Phrase,"""sell house with tenants Madera""",https://www.alderheritagehomes.com/sell-my-house-madera-ca
Search | Cash Home Buyer | Madera,Madera | Core Intent,Exact,[sell house divorce Madera],https://www.alderheritagehomes.com/sell-my-house-madera-ca
Search | Cash Home Buyer | Madera,Madera | Core Intent,Phrase,"""sell house divorce Madera""",https://www.alderheritagehomes.com/sell-my-house-madera-ca
Search | Cash Home Buyer | Madera,Madera | Core Intent,Exact,[sell vacant house Madera],https://www.alderheritagehomes.com/sell-my-house-madera-ca
Search | Cash Home Buyer | Madera,Madera | Core Intent,Phrase,"""sell vacant house Madera""",https://www.alderheritagehomes.com/sell-my-house-madera-ca
Search | Cash Home Buyer | Madera,Madera | Core Intent,Exact,[cash offer for house Madera],https://www.alderheritagehomes.com/sell-my-house-madera-ca
Search | Cash Home Buyer | Madera,Madera | Core Intent,Phrase,"""cash offer for house Madera""",https://www.alderheritagehomes.com/sell-my-house-madera-ca
Search | Cash Home Buyer | Madera,Madera | Core Intent,Exact,[we buy houses Madera],https://www.alderheritagehomes.com/sell-my-house-madera-ca
Search | Cash Home Buyer | Madera,Madera | Core Intent,Phrase,"""we buy houses Madera""",https://www.alderheritagehomes.com/sell-my-house-madera-ca
Search | Cash Home Buyer | Madera,Madera | Core Intent,Exact,[sell my house fast Madera],https://www.alderheritagehomes.com/sell-my-house-madera-ca
Search | Cash Home Buyer | Madera,Madera | Core Intent,Phrase,"""sell my house fast Madera""",https://www.alderheritagehomes.com/sell-my-house-madera-ca
Search | Cash Home Buyer | Madera,Madera | Core Intent,Exact,[sell house for cash Madera],https://www.alderheritagehomes.com/sell-my-house-madera-ca
Search | Cash Home Buyer | Madera,Madera | Core Intent,Phrase,"""sell house for cash Madera""",https://www.alderheritagehomes.com/sell-my-house-madera-ca
Search | Cash Home Buyer | Madera,Madera | Core Intent,Exact,[cash home buyers Madera],https://www.alderheritagehomes.com/sell-my-house-madera-ca
Search | Cash Home Buyer | Madera,Madera | Core Intent,Phrase,"""cash home buyers Madera""",https://www.alderheritagehomes.com/sell-my-house-madera-ca
Search | Cash Home Buyer | Madera,Madera | Competitor/Trust,Phrase,"""not a wholesaler Madera""",https://www.alderheritagehomes.com/sell-my-house-madera-ca
Search | Cash Home Buyer | Madera,Madera | Competitor/Trust,Phrase,"""direct cash buyer Madera""",https://www.alderheritagehomes.com/sell-my-house-madera-ca
Search | Cash Home Buyer | Madera,Madera | Competitor/Trust,Phrase,"""licensed cash buyer Madera""",https://www.alderheritagehomes.com/sell-my-house-madera-ca
Search | Cash Home Buyer | Modesto,Modesto | Core Intent,Exact,[sell inherited house Modesto],https://www.alderheritagehomes.com/sell-my-house-modesto-ca
Search | Cash Home Buyer | Modesto,Modesto | Core Intent,Phrase,"""sell inherited house Modesto""",https://www.alderheritagehomes.com/sell-my-house-modesto-ca
Search | Cash Home Buyer | Modesto,Modesto | Core Intent,Exact,[sell house in probate Modesto],https://www.alderheritagehomes.com/sell-my-house-modesto-ca
Search | Cash Home Buyer | Modesto,Modesto | Core Intent,Phrase,"""sell house in probate Modesto""",https://www.alderheritagehomes.com/sell-my-house-modesto-ca
Search | Cash Home Buyer | Modesto,Modesto | Core Intent,Exact,[sell house foreclosure Modesto],https://www.alderheritagehomes.com/sell-my-house-modesto-ca
Search | Cash Home Buyer | Modesto,Modesto | Core Intent,Phrase,"""sell house foreclosure Modesto""",https://www.alderheritagehomes.com/sell-my-house-modesto-ca
Search | Cash Home Buyer | Modesto,Modesto | Core Intent,Exact,[sell house as is Modesto],https://www.alderheritagehomes.com/sell-my-house-modesto-ca
Search | Cash Home Buyer | Modesto,Modesto | Core Intent,Phrase,"""sell house as is Modesto""",https://www.alderheritagehomes.com/sell-my-house-modesto-ca
Search | Cash Home Buyer | Modesto,Modesto | Core Intent,Exact,[sell hoarder house Modesto],https://www.alderheritagehomes.com/sell-my-house-modesto-ca
Search | Cash Home Buyer | Modesto,Modesto | Core Intent,Phrase,"""sell hoarder house Modesto""",https://www.alderheritagehomes.com/sell-my-house-modesto-ca
Search | Cash Home Buyer | Modesto,Modesto | Core Intent,Exact,[sell house with tenants Modesto],https://www.alderheritagehomes.com/sell-my-house-modesto-ca
Search | Cash Home Buyer | Modesto,Modesto | Core Intent,Phrase,"""sell house with tenants Modesto""",https://www.alderheritagehomes.com/sell-my-house-modesto-ca
Search | Cash Home Buyer | Modesto,Modesto | Core Intent,Exact,[sell house divorce Modesto],https://www.alderheritagehomes.com/sell-my-house-modesto-ca
Search | Cash Home Buyer | Modesto,Modesto | Core Intent,Phrase,"""sell house divorce Modesto""",https://www.alderheritagehomes.com/sell-my-house-modesto-ca
Search | Cash Home Buyer | Modesto,Modesto | Core Intent,Exact,[sell vacant house Modesto],https://www.alderheritagehomes.com/sell-my-house-modesto-ca
Search | Cash Home Buyer | Modesto,Modesto | Core Intent,Phrase,"""sell vacant house Modesto""",https://www.alderheritagehomes.com/sell-my-house-modesto-ca
Search | Cash Home Buyer | Modesto,Modesto | Core Intent,Exact,[cash offer for house Modesto],https://www.alderheritagehomes.com/sell-my-house-modesto-ca
Search | Cash Home Buyer | Modesto,Modesto | Core Intent,Phrase,"""cash offer for house Modesto""",https://www.alderheritagehomes.com/sell-my-house-modesto-ca
Search | Cash Home Buyer | Modesto,Modesto | Core Intent,Exact,[we buy houses Modesto],https://www.alderheritagehomes.com/sell-my-house-modesto-ca
Search | Cash Home Buyer | Modesto,Modesto | Core Intent,Phrase,"""we buy houses Modesto""",https://www.alderheritagehomes.com/sell-my-house-modesto-ca
Search | Cash Home Buyer | Modesto,Modesto | Core Intent,Exact,[sell my house fast Modesto],https://www.alderheritagehomes.com/sell-my-house-modesto-ca
Search | Cash Home Buyer | Modesto,Modesto | Core Intent,Phrase,"""sell my house fast Modesto""",https://www.alderheritagehomes.com/sell-my-house-modesto-ca
Search | Cash Home Buyer | Modesto,Modesto | Core Intent,Exact,[sell house for cash Modesto],https://www.alderheritagehomes.com/sell-my-house-modesto-ca
Search | Cash Home Buyer | Modesto,Modesto | Core Intent,Phrase,"""sell house for cash Modesto""",https://www.alderheritagehomes.com/sell-my-house-modesto-ca
Search | Cash Home Buyer | Modesto,Modesto | Core Intent,Exact,[cash home buyers Modesto],https://www.alderheritagehomes.com/sell-my-house-modesto-ca
Search | Cash Home Buyer | Modesto,Modesto | Core Intent,Phrase,"""cash home buyers Modesto""",https://www.alderheritagehomes.com/sell-my-house-modesto-ca
Search | Cash Home Buyer | Modesto,Modesto | Competitor/Trust,Phrase,"""not a wholesaler Modesto""",https://www.alderheritagehomes.com/sell-my-house-modesto-ca
Search | Cash Home Buyer | Modesto,Modesto | Competitor/Trust,Phrase,"""direct cash buyer Modesto""",https://www.alderheritagehomes.com/sell-my-house-modesto-ca
Search | Cash Home Buyer | Modesto,Modesto | Competitor/Trust,Phrase,"""licensed cash buyer Modesto""",https://www.alderheritagehomes.com/sell-my-house-modesto-ca
Search | Cash Home Buyer | Stockton,Stockton | Core Intent,Exact,[sell inherited house Stockton],https://www.alderheritagehomes.com/sell-my-house-stockton-ca
Search | Cash Home Buyer | Stockton,Stockton | Core Intent,Phrase,"""sell inherited house Stockton""",https://www.alderheritagehomes.com/sell-my-house-stockton-ca
Search | Cash Home Buyer | Stockton,Stockton | Core Intent,Exact,[sell house in probate Stockton],https://www.alderheritagehomes.com/sell-my-house-stockton-ca
Search | Cash Home Buyer | Stockton,Stockton | Core Intent,Phrase,"""sell house in probate Stockton""",https://www.alderheritagehomes.com/sell-my-house-stockton-ca
Search | Cash Home Buyer | Stockton,Stockton | Core Intent,Exact,[sell house foreclosure Stockton],https://www.alderheritagehomes.com/sell-my-house-stockton-ca
Search | Cash Home Buyer | Stockton,Stockton | Core Intent,Phrase,"""sell house foreclosure Stockton""",https://www.alderheritagehomes.com/sell-my-house-stockton-ca
Search | Cash Home Buyer | Stockton,Stockton | Core Intent,Exact,[sell house as is Stockton],https://www.alderheritagehomes.com/sell-my-house-stockton-ca
Search | Cash Home Buyer | Stockton,Stockton | Core Intent,Phrase,"""sell house as is Stockton""",https://www.alderheritagehomes.com/sell-my-house-stockton-ca
Search | Cash Home Buyer | Stockton,Stockton | Core Intent,Exact,[sell hoarder house Stockton],https://www.alderheritagehomes.com/sell-my-house-stockton-ca
Search | Cash Home Buyer | Stockton,Stockton | Core Intent,Phrase,"""sell hoarder house Stockton""",https://www.alderheritagehomes.com/sell-my-house-stockton-ca
Search | Cash Home Buyer | Stockton,Stockton | Core Intent,Exact,[sell house with tenants Stockton],https://www.alderheritagehomes.com/sell-my-house-stockton-ca
Search | Cash Home Buyer | Stockton,Stockton | Core Intent,Phrase,"""sell house with tenants Stockton""",https://www.alderheritagehomes.com/sell-my-house-stockton-ca
Search | Cash Home Buyer | Stockton,Stockton | Core Intent,Exact,[sell house divorce Stockton],https://www.alderheritagehomes.com/sell-my-house-stockton-ca
Search | Cash Home Buyer | Stockton,Stockton | Core Intent,Phrase,"""sell house divorce Stockton""",https://www.alderheritagehomes.com/sell-my-house-stockton-ca
Search | Cash Home Buyer | Stockton,Stockton | Core Intent,Exact,[sell vacant house Stockton],https://www.alderheritagehomes.com/sell-my-house-stockton-ca
Search | Cash Home Buyer | Stockton,Stockton | Core Intent,Phrase,"""sell vacant house Stockton""",https://www.alderheritagehomes.com/sell-my-house-stockton-ca
Search | Cash Home Buyer | Stockton,Stockton | Core Intent,Exact,[cash offer for house Stockton],https://www.alderheritagehomes.com/sell-my-house-stockton-ca
Search | Cash Home Buyer | Stockton,Stockton | Core Intent,Phrase,"""cash offer for house Stockton""",https://www.alderheritagehomes.com/sell-my-house-stockton-ca
Search | Cash Home Buyer | Stockton,Stockton | Core Intent,Exact,[we buy houses Stockton],https://www.alderheritagehomes.com/sell-my-house-stockton-ca
Search | Cash Home Buyer | Stockton,Stockton | Core Intent,Phrase,"""we buy houses Stockton""",https://www.alderheritagehomes.com/sell-my-house-stockton-ca
Search | Cash Home Buyer | Stockton,Stockton | Core Intent,Exact,[sell my house fast Stockton],https://www.alderheritagehomes.com/sell-my-house-stockton-ca
Search | Cash Home Buyer | Stockton,Stockton | Core Intent,Phrase,"""sell my house fast Stockton""",https://www.alderheritagehomes.com/sell-my-house-stockton-ca
Search | Cash Home Buyer | Stockton,Stockton | Core Intent,Exact,[sell house for cash Stockton],https://www.alderheritagehomes.com/sell-my-house-stockton-ca
Search | Cash Home Buyer | Stockton,Stockton | Core Intent,Phrase,"""sell house for cash Stockton""",https://www.alderheritagehomes.com/sell-my-house-stockton-ca
Search | Cash Home Buyer | Stockton,Stockton | Core Intent,Exact,[cash home buyers Stockton],https://www.alderheritagehomes.com/sell-my-house-stockton-ca
Search | Cash Home Buyer | Stockton,Stockton | Core Intent,Phrase,"""cash home buyers Stockton""",https://www.alderheritagehomes.com/sell-my-house-stockton-ca
Search | Cash Home Buyer | Stockton,Stockton | Competitor/Trust,Phrase,"""not a wholesaler Stockton""",https://www.alderheritagehomes.com/sell-my-house-stockton-ca
Search | Cash Home Buyer | Stockton,Stockton | Competitor/Trust,Phrase,"""direct cash buyer Stockton""",https://www.alderheritagehomes.com/sell-my-house-stockton-ca
Search | Cash Home Buyer | Stockton,Stockton | Competitor/Trust,Phrase,"""licensed cash buyer Stockton""",https://www.alderheritagehomes.com/sell-my-house-stockton-ca
