Campaign,Negative keyword,Match type
Search | Cash Home Buyer | Fresno,jobs,Phrase
Search | Cash Home Buyer | Fresno,salary,Phrase
Search | Cash Home Buyer | Fresno,career,Phrase
Search | Cash Home Buyer | Fresno,course,Phrase
Search | Cash Home Buyer | Fresno,training,Phrase
Search | Cash Home Buyer | Fresno,license,Phrase
Search | Cash Home Buyer | Fresno,zillow,Phrase
Search | Cash Home Buyer | Fresno,redfin,Phrase
Search | Cash Home Buyer | Fresno,realtor.com,Phrase
Search | Cash Home Buyer | Fresno,apartments,Phrase
Search | Cash Home Buyer | Fresno,rent,Phrase
Search | Cash Home Buyer | Fresno,section 8,Phrase
Search | Cash Home Buyer | Fresno,mobile home park,Phrase
Search | Cash Home Buyer | Fresno,tiny house,Phrase
Search | Cash Home Buyer | Fresno,free,Phrase
Search | Cash Home Buyer | Fresno,template,Phrase
Search | Cash Home Buyer | Fresno,contract pdf,Phrase
Search | Cash Home Buyer | Fresno,wholesale real estate course,Phrase
Search | Cash Home Buyer | Fresno,how to become,Phrase
Search | Cash Home Buyer | Fresno,meaning,Phrase
Search | Cash Home Buyer | Fresno,definition,Phrase
Search | Cash Home Buyer | Clovis,jobs,Phrase
Search | Cash Home Buyer | Clovis,salary,Phrase
Search | Cash Home Buyer | Clovis,career,Phrase
Search | Cash Home Buyer | Clovis,course,Phrase
Search | Cash Home Buyer | Clovis,training,Phrase
Search | Cash Home Buyer | Clovis,license,Phrase
Search | Cash Home Buyer | Clovis,zillow,Phrase
Search | Cash Home Buyer | Clovis,redfin,Phrase
Search | Cash Home Buyer | Clovis,realtor.com,Phrase
Search | Cash Home Buyer | Clovis,apartments,Phrase
Search | Cash Home Buyer | Clovis,rent,Phrase
Search | Cash Home Buyer | Clovis,section 8,Phrase
Search | Cash Home Buyer | Clovis,mobile home park,Phrase
Search | Cash Home Buyer | Clovis,tiny house,Phrase
Search | Cash Home Buyer | Clovis,free,Phrase
Search | Cash Home Buyer | Clovis,template,Phrase
Search | Cash Home Buyer | Clovis,contract pdf,Phrase
Search | Cash Home Buyer | Clovis,wholesale real estate course,Phrase
Search | Cash Home Buyer | Clovis,how to become,Phrase
Search | Cash Home Buyer | Clovis,meaning,Phrase
Search | Cash Home Buyer | Clovis,definition,Phrase
Search | Cash Home Buyer | Sanger,jobs,Phrase
Search | Cash Home Buyer | Sanger,salary,Phrase
Search | Cash Home Buyer | Sanger,career,Phrase
Search | Cash Home Buyer | Sanger,course,Phrase
Search | Cash Home Buyer | Sanger,training,Phrase
Search | Cash Home Buyer | Sanger,license,Phrase
Search | Cash Home Buyer | Sanger,zillow,Phrase
Search | Cash Home Buyer | Sanger,redfin,Phrase
Search | Cash Home Buyer | Sanger,realtor.com,Phrase
Search | Cash Home Buyer | Sanger,apartments,Phrase
Search | Cash Home Buyer | Sanger,rent,Phrase
Search | Cash Home Buyer | Sanger,section 8,Phrase
Search | Cash Home Buyer | Sanger,mobile home park,Phrase
Search | Cash Home Buyer | Sanger,tiny house,Phrase
Search | Cash Home Buyer | Sanger,free,Phrase
Search | Cash Home Buyer | Sanger,template,Phrase
Search | Cash Home Buyer | Sanger,contract pdf,Phrase
Search | Cash Home Buyer | Sanger,wholesale real estate course,Phrase
Search | Cash Home Buyer | Sanger,how to become,Phrase
Search | Cash Home Buyer | Sanger,meaning,Phrase
Search | Cash Home Buyer | Sanger,definition,Phrase
Search | Cash Home Buyer | Selma,jobs,Phrase
Search | Cash Home Buyer | Selma,salary,Phrase
Search | Cash Home Buyer | Selma,career,Phrase
Search | Cash Home Buyer | Selma,course,Phrase
Search | Cash Home Buyer | Selma,training,Phrase
Search | Cash Home Buyer | Selma,license,Phrase
Search | Cash Home Buyer | Selma,zillow,Phrase
Search | Cash Home Buyer | Selma,redfin,Phrase
Search | Cash Home Buyer | Selma,realtor.com,Phrase
Search | Cash Home Buyer | Selma,apartments,Phrase
Search | Cash Home Buyer | Selma,rent,Phrase
Search | Cash Home Buyer | Selma,section 8,Phrase
Search | Cash Home Buyer | Selma,mobile home park,Phrase
Search | Cash Home Buyer | Selma,tiny house,Phrase
Search | Cash Home Buyer | Selma,free,Phrase
Search | Cash Home Buyer | Selma,template,Phrase
Search | Cash Home Buyer | Selma,contract pdf,Phrase
Search | Cash Home Buyer | Selma,wholesale real estate course,Phrase
Search | Cash Home Buyer | Selma,how to become,Phrase
Search | Cash Home Buyer | Selma,meaning,Phrase
Search | Cash Home Buyer | Selma,definition,Phrase
Search | Cash Home Buyer | Reedley,jobs,Phrase
Search | Cash Home Buyer | Reedley,salary,Phrase
Search | Cash Home Buyer | Reedley,career,Phrase
Search | Cash Home Buyer | Reedley,course,Phrase
Search | Cash Home Buyer | Reedley,training,Phrase
Search | Cash Home Buyer | Reedley,license,Phrase
Search | Cash Home Buyer | Reedley,zillow,Phrase
Search | Cash Home Buyer | Reedley,redfin,Phrase
Search | Cash Home Buyer | Reedley,realtor.com,Phrase
Search | Cash Home Buyer | Reedley,apartments,Phrase
Search | Cash Home Buyer | Reedley,rent,Phrase
Search | Cash Home Buyer | Reedley,section 8,Phrase
Search | Cash Home Buyer | Reedley,mobile home park,Phrase
Search | Cash Home Buyer | Reedley,tiny house,Phrase
Search | Cash Home Buyer | Reedley,free,Phrase
Search | Cash Home Buyer | Reedley,template,Phrase
Search | Cash Home Buyer | Reedley,contract pdf,Phrase
Search | Cash Home Buyer | Reedley,wholesale real estate course,Phrase
Search | Cash Home Buyer | Reedley,how to become,Phrase
Search | Cash Home Buyer | Reedley,meaning,Phrase
Search | Cash Home Buyer | Reedley,definition,Phrase
Search | Cash Home Buyer | Kingsburg,jobs,Phrase
Search | Cash Home Buyer | Kingsburg,salary,Phrase
Search | Cash Home Buyer | Kingsburg,career,Phrase
Search | Cash Home Buyer | Kingsburg,course,Phrase
Search | Cash Home Buyer | Kingsburg,training,Phrase
Search | Cash Home Buyer | Kingsburg,license,Phrase
Search | Cash Home Buyer | Kingsburg,zillow,Phrase
Search | Cash Home Buyer | Kingsburg,redfin,Phrase
Search | Cash Home Buyer | Kingsburg,realtor.com,Phrase
Search | Cash Home Buyer | Kingsburg,apartments,Phrase
Search | Cash Home Buyer | Kingsburg,rent,Phrase
Search | Cash Home Buyer | Kingsburg,section 8,Phrase
Search | Cash Home Buyer | Kingsburg,mobile home park,Phrase
Search | Cash Home Buyer | Kingsburg,tiny house,Phrase
Search | Cash Home Buyer | Kingsburg,free,Phrase
Search | Cash Home Buyer | Kingsburg,template,Phrase
Search | Cash Home Buyer | Kingsburg,contract pdf,Phrase
Search | Cash Home Buyer | Kingsburg,wholesale real estate course,Phrase
Search | Cash Home Buyer | Kingsburg,how to become,Phrase
Search | Cash Home Buyer | Kingsburg,meaning,Phrase
Search | Cash Home Buyer | Kingsburg,definition,Phrase
Search | Cash Home Buyer | Visalia,jobs,Phrase
Search | Cash Home Buyer | Visalia,salary,Phrase
Search | Cash Home Buyer | Visalia,career,Phrase
Search | Cash Home Buyer | Visalia,course,Phrase
Search | Cash Home Buyer | Visalia,training,Phrase
Search | Cash Home Buyer | Visalia,license,Phrase
Search | Cash Home Buyer | Visalia,zillow,Phrase
Search | Cash Home Buyer | Visalia,redfin,Phrase
Search | Cash Home Buyer | Visalia,realtor.com,Phrase
Search | Cash Home Buyer | Visalia,apartments,Phrase
Search | Cash Home Buyer | Visalia,rent,Phrase
Search | Cash Home Buyer | Visalia,section 8,Phrase
Search | Cash Home Buyer | Visalia,mobile home park,Phrase
Search | Cash Home Buyer | Visalia,tiny house,Phrase
Search | Cash Home Buyer | Visalia,free,Phrase
Search | Cash Home Buyer | Visalia,template,Phrase
Search | Cash Home Buyer | Visalia,contract pdf,Phrase
Search | Cash Home Buyer | Visalia,wholesale real estate course,Phrase
Search | Cash Home Buyer | Visalia,how to become,Phrase
Search | Cash Home Buyer | Visalia,meaning,Phrase
Search | Cash Home Buyer | Visalia,definition,Phrase
Search | Cash Home Buyer | Tulare,jobs,Phrase
Search | Cash Home Buyer | Tulare,salary,Phrase
Search | Cash Home Buyer | Tulare,career,Phrase
Search | Cash Home Buyer | Tulare,course,Phrase
Search | Cash Home Buyer | Tulare,training,Phrase
Search | Cash Home Buyer | Tulare,license,Phrase
Search | Cash Home Buyer | Tulare,zillow,Phrase
Search | Cash Home Buyer | Tulare,redfin,Phrase
Search | Cash Home Buyer | Tulare,realtor.com,Phrase
Search | Cash Home Buyer | Tulare,apartments,Phrase
Search | Cash Home Buyer | Tulare,rent,Phrase
Search | Cash Home Buyer | Tulare,section 8,Phrase
Search | Cash Home Buyer | Tulare,mobile home park,Phrase
Search | Cash Home Buyer | Tulare,tiny house,Phrase
Search | Cash Home Buyer | Tulare,free,Phrase
Search | Cash Home Buyer | Tulare,template,Phrase
Search | Cash Home Buyer | Tulare,contract pdf,Phrase
Search | Cash Home Buyer | Tulare,wholesale real estate course,Phrase
Search | Cash Home Buyer | Tulare,how to become,Phrase
Search | Cash Home Buyer | Tulare,meaning,Phrase
Search | Cash Home Buyer | Tulare,definition,Phrase
Search | Cash Home Buyer | Porterville,jobs,Phrase
Search | Cash Home Buyer | Porterville,salary,Phrase
Search | Cash Home Buyer | Porterville,career,Phrase
Search | Cash Home Buyer | Porterville,course,Phrase
Search | Cash Home Buyer | Porterville,training,Phrase
Search | Cash Home Buyer | Porterville,license,Phrase
Search | Cash Home Buyer | Porterville,zillow,Phrase
Search | Cash Home Buyer | Porterville,redfin,Phrase
Search | Cash Home Buyer | Porterville,realtor.com,Phrase
Search | Cash Home Buyer | Porterville,apartments,Phrase
Search | Cash Home Buyer | Porterville,rent,Phrase
Search | Cash Home Buyer | Porterville,section 8,Phrase
Search | Cash Home Buyer | Porterville,mobile home park,Phrase
Search | Cash Home Buyer | Porterville,tiny house,Phrase
Search | Cash Home Buyer | Porterville,free,Phrase
Search | Cash Home Buyer | Porterville,template,Phrase
Search | Cash Home Buyer | Porterville,contract pdf,Phrase
Search | Cash Home Buyer | Porterville,wholesale real estate course,Phrase
Search | Cash Home Buyer | Porterville,how to become,Phrase
Search | Cash Home Buyer | Porterville,meaning,Phrase
Search | Cash Home Buyer | Porterville,definition,Phrase
Search | Cash Home Buyer | Hanford,jobs,Phrase
Search | Cash Home Buyer | Hanford,salary,Phrase
Search | Cash Home Buyer | Hanford,career,Phrase
Search | Cash Home Buyer | Hanford,course,Phrase
Search | Cash Home Buyer | Hanford,training,Phrase
Search | Cash Home Buyer | Hanford,license,Phrase
Search | Cash Home Buyer | Hanford,zillow,Phrase
Search | Cash Home Buyer | Hanford,redfin,Phrase
Search | Cash Home Buyer | Hanford,realtor.com,Phrase
Search | Cash Home Buyer | Hanford,apartments,Phrase
Search | Cash Home Buyer | Hanford,rent,Phrase
Search | Cash Home Buyer | Hanford,section 8,Phrase
Search | Cash Home Buyer | Hanford,mobile home park,Phrase
Search | Cash Home Buyer | Hanford,tiny house,Phrase
Search | Cash Home Buyer | Hanford,free,Phrase
Search | Cash Home Buyer | Hanford,template,Phrase
Search | Cash Home Buyer | Hanford,contract pdf,Phrase
Search | Cash Home Buyer | Hanford,wholesale real estate course,Phrase
Search | Cash Home Buyer | Hanford,how to become,Phrase
Search | Cash Home Buyer | Hanford,meaning,Phrase
Search | Cash Home Buyer | Hanford,definition,Phrase
Search | Cash Home Buyer | Lemoore,jobs,Phrase
Search | Cash Home Buyer | Lemoore,salary,Phrase
Search | Cash Home Buyer | Lemoore,career,Phrase
Search | Cash Home Buyer | Lemoore,course,Phrase
Search | Cash Home Buyer | Lemoore,training,Phrase
Search | Cash Home Buyer | Lemoore,license,Phrase
Search | Cash Home Buyer | Lemoore,zillow,Phrase
Search | Cash Home Buyer | Lemoore,redfin,Phrase
Search | Cash Home Buyer | Lemoore,realtor.com,Phrase
Search | Cash Home Buyer | Lemoore,apartments,Phrase
Search | Cash Home Buyer | Lemoore,rent,Phrase
Search | Cash Home Buyer | Lemoore,section 8,Phrase
Search | Cash Home Buyer | Lemoore,mobile home park,Phrase
Search | Cash Home Buyer | Lemoore,tiny house,Phrase
Search | Cash Home Buyer | Lemoore,free,Phrase
Search | Cash Home Buyer | Lemoore,template,Phrase
Search | Cash Home Buyer | Lemoore,contract pdf,Phrase
Search | Cash Home Buyer | Lemoore,wholesale real estate course,Phrase
Search | Cash Home Buyer | Lemoore,how to become,Phrase
Search | Cash Home Buyer | Lemoore,meaning,Phrase
Search | Cash Home Buyer | Lemoore,definition,Phrase
Search | Cash Home Buyer | Bakersfield,jobs,Phrase
Search | Cash Home Buyer | Bakersfield,salary,Phrase
Search | Cash Home Buyer | Bakersfield,career,Phrase
Search | Cash Home Buyer | Bakersfield,course,Phrase
Search | Cash Home Buyer | Bakersfield,training,Phrase
Search | Cash Home Buyer | Bakersfield,license,Phrase
Search | Cash Home Buyer | Bakersfield,zillow,Phrase
Search | Cash Home Buyer | Bakersfield,redfin,Phrase
Search | Cash Home Buyer | Bakersfield,realtor.com,Phrase
Search | Cash Home Buyer | Bakersfield,apartments,Phrase
Search | Cash Home Buyer | Bakersfield,rent,Phrase
Search | Cash Home Buyer | Bakersfield,section 8,Phrase
Search | Cash Home Buyer | Bakersfield,mobile home park,Phrase
Search | Cash Home Buyer | Bakersfield,tiny house,Phrase
Search | Cash Home Buyer | Bakersfield,free,Phrase
Search | Cash Home Buyer | Bakersfield,template,Phrase
Search | Cash Home Buyer | Bakersfield,contract pdf,Phrase
Search | Cash Home Buyer | Bakersfield,wholesale real estate course,Phrase
Search | Cash Home Buyer | Bakersfield,how to become,Phrase
Search | Cash Home Buyer | Bakersfield,meaning,Phrase
Search | Cash Home Buyer | Bakersfield,definition,Phrase
Search | Cash Home Buyer | Madera,jobs,Phrase
Search | Cash Home Buyer | Madera,salary,Phrase
Search | Cash Home Buyer | Madera,career,Phrase
Search | Cash Home Buyer | Madera,course,Phrase
Search | Cash Home Buyer | Madera,training,Phrase
Search | Cash Home Buyer | Madera,license,Phrase
Search | Cash Home Buyer | Madera,zillow,Phrase
Search | Cash Home Buyer | Madera,redfin,Phrase
Search | Cash Home Buyer | Madera,realtor.com,Phrase
Search | Cash Home Buyer | Madera,apartments,Phrase
Search | Cash Home Buyer | Madera,rent,Phrase
Search | Cash Home Buyer | Madera,section 8,Phrase
Search | Cash Home Buyer | Madera,mobile home park,Phrase
Search | Cash Home Buyer | Madera,tiny house,Phrase
Search | Cash Home Buyer | Madera,free,Phrase
Search | Cash Home Buyer | Madera,template,Phrase
Search | Cash Home Buyer | Madera,contract pdf,Phrase
Search | Cash Home Buyer | Madera,wholesale real estate course,Phrase
Search | Cash Home Buyer | Madera,how to become,Phrase
Search | Cash Home Buyer | Madera,meaning,Phrase
Search | Cash Home Buyer | Madera,definition,Phrase
Search | Cash Home Buyer | Modesto,jobs,Phrase
Search | Cash Home Buyer | Modesto,salary,Phrase
Search | Cash Home Buyer | Modesto,career,Phrase
Search | Cash Home Buyer | Modesto,course,Phrase
Search | Cash Home Buyer | Modesto,training,Phrase
Search | Cash Home Buyer | Modesto,license,Phrase
Search | Cash Home Buyer | Modesto,zillow,Phrase
Search | Cash Home Buyer | Modesto,redfin,Phrase
Search | Cash Home Buyer | Modesto,realtor.com,Phrase
Search | Cash Home Buyer | Modesto,apartments,Phrase
Search | Cash Home Buyer | Modesto,rent,Phrase
Search | Cash Home Buyer | Modesto,section 8,Phrase
Search | Cash Home Buyer | Modesto,mobile home park,Phrase
Search | Cash Home Buyer | Modesto,tiny house,Phrase
Search | Cash Home Buyer | Modesto,free,Phrase
Search | Cash Home Buyer | Modesto,template,Phrase
Search | Cash Home Buyer | Modesto,contract pdf,Phrase
Search | Cash Home Buyer | Modesto,wholesale real estate course,Phrase
Search | Cash Home Buyer | Modesto,how to become,Phrase
Search | Cash Home Buyer | Modesto,meaning,Phrase
Search | Cash Home Buyer | Modesto,definition,Phrase
Search | Cash Home Buyer | Stockton,jobs,Phrase
Search | Cash Home Buyer | Stockton,salary,Phrase
Search | Cash Home Buyer | Stockton,career,Phrase
Search | Cash Home Buyer | Stockton,course,Phrase
Search | Cash Home Buyer | Stockton,training,Phrase
Search | Cash Home Buyer | Stockton,license,Phrase
Search | Cash Home Buyer | Stockton,zillow,Phrase
Search | Cash Home Buyer | Stockton,redfin,Phrase
Search | Cash Home Buyer | Stockton,realtor.com,Phrase
Search | Cash Home Buyer | Stockton,apartments,Phrase
Search | Cash Home Buyer | Stockton,rent,Phrase
Search | Cash Home Buyer | Stockton,section 8,Phrase
Search | Cash Home Buyer | Stockton,mobile home park,Phrase
Search | Cash Home Buyer | Stockton,tiny house,Phrase
Search | Cash Home Buyer | Stockton,free,Phrase
Search | Cash Home Buyer | Stockton,template,Phrase
Search | Cash Home Buyer | Stockton,contract pdf,Phrase
Search | Cash Home Buyer | Stockton,wholesale real estate course,Phrase
Search | Cash Home Buyer | Stockton,how to become,Phrase
Search | Cash Home Buyer | Stockton,meaning,Phrase
Search | Cash Home Buyer | Stockton,definition,Phrase
